{
  "version": 1,
  "author": "Iman Mulyadi",
  "editor": "wokwi",
  "parts": [
    { "type": "wokwi-breadboard", "id": "bb1", "top": 35.4, "left": -304.4, "attrs": {} },
    { "type": "board-esp32-devkit-c-v4", "id": "esp", "top": -28.8, "left": -43.16, "attrs": {} },
    {
      "type": "wokwi-hc-sr04",
      "id": "ultrasonic1",
      "top": -84.9,
      "left": -330.5,
      "attrs": { "distance": "6" }
    },
    {
      "type": "wokwi-led",
      "id": "led1",
      "top": -61.2,
      "left": -149.8,
      "attrs": { "color": "limegreen" }
    },
    { "type": "wokwi-servo", "id": "servo1", "top": 199.6, "left": 28.8, "attrs": {} },
    {
      "type": "wokwi-resistor",
      "id": "r1",
      "top": 147.95,
      "left": -230.4,
      "attrs": { "value": "1000" }
    },
    {
      "type": "wokwi-resistor",
      "id": "r2",
      "top": 147.95,
      "left": -172.8,
      "attrs": { "value": "2000" }
    },
    {
      "type": "wokwi-resistor",
      "id": "r3",
      "top": 71.15,
      "left": -124.8,
      "attrs": { "value": "220" }
    }
  ],
  "connections": [
    [ "esp:TX", "$serialMonitor:RX", "", [] ],
    [ "esp:RX", "$serialMonitor:TX", "", [] ],
    [ "ultrasonic1:VCC", "esp:5V", "red", [ "v0" ] ],
    [ "ultrasonic1:GND", "esp:GND.1", "black", [ "v0" ] ],
    [ "r3:2", "esp:25", "gray", [ "v0" ] ],
    [ "led1:A", "r3:1", "gray", [ "v0" ] ],
    [ "led1:C", "esp:GND.1", "black", [ "v0" ] ],
    [ "servo1:PWM", "esp:13", "orange", [ "h-105.6", "v-191.8" ] ],
    [ "servo1:V+", "esp:5V", "red", [ "h0" ] ],
    [ "servo1:GND", "esp:GND.1", "#8f4814", [ "h-96", "v-182.4" ] ],
    [ "ultrasonic1:ECHO", "r1:1", "gray", [ "v0" ] ],
    [ "r1:2", "r2:1", "gray", [ "v0" ] ],
    [ "r2:2", "esp:GND.1", "gray", [ "v0" ] ],
    [ "ultrasonic1:TRIG", "esp:5", "yellow", [ "v86.4", "h306.8" ] ],
    [ "r2:1", "esp:18", "gray", [ "v-9.6", "h249.6", "v-67.2" ] ],
    [ "esp:0", "bb1:36t.e", "", [ "$bb" ] ],
    [ "esp:4", "bb1:36t.d", "", [ "$bb" ] ],
    [ "esp:5", "bb1:36t.a", "", [ "$bb" ] ],
    [ "esp:12", "bb1:26t.d", "", [ "$bb" ] ],
    [ "esp:14", "bb1:26t.c", "", [ "$bb" ] ],
    [ "esp:16", "bb1:36t.c", "", [ "$bb" ] ],
    [ "esp:17", "bb1:36t.b", "", [ "$bb" ] ],
    [ "esp:21", "bb1:tp.29", "", [ "$bb" ] ],
    [ "esp:26", "bb1:26t.a", "", [ "$bb" ] ],
    [ "esp:27", "bb1:26t.b", "", [ "$bb" ] ],
    [ "esp:GND.1", "bb1:26t.e", "", [ "$bb" ] ],
    [ "esp:D3", "bb1:26b.f", "", [ "$bb" ] ],
    [ "esp:CMD", "bb1:26b.g", "", [ "$bb" ] ],
    [ "esp:5V", "bb1:26b.h", "", [ "$bb" ] ],
    [ "esp:GND.3", "bb1:tn.29", "", [ "$bb" ] ],
    [ "esp:D1", "bb1:36b.f", "", [ "$bb" ] ],
    [ "esp:D0", "bb1:36b.g", "", [ "$bb" ] ],
    [ "esp:CLK", "bb1:36b.h", "", [ "$bb" ] ],
    [ "r2:1", "bb1:12b.f", "", [ "$bb" ] ],
    [ "r2:2", "bb1:18b.f", "", [ "$bb" ] ],
    [ "r1:1", "bb1:6b.f", "", [ "$bb" ] ],
    [ "r1:2", "bb1:12b.f", "", [ "$bb" ] ]
  ],
  "dependencies": {}
}